{
  "Workflows": [
    {
      "Path": null,
      "SortBy": 0,
      "VariablesSectionElementsOrder": [],
      "ArgumentsSectionElementsOrder": null,
      "ConstantsSectionElementsOrder": [],
      "AddedNamespaces": null
    },
    {
      "Path": "main.xaml",
      "SortBy": 0,
      "VariablesSectionElementsOrder": [
        "boolFileExists&Sequence_1",
        "strContactName&Sequence_3",
        "strEmail&Sequence_3",
        "strSubject&Sequence_3",
        "boolTickerCreated&Sequence_3"
      ],
      "ArgumentsSectionElementsOrder": [],
      "ConstantsSectionElementsOrder": [],
      "AddedNamespaces": null
    },
    {
      "Path": "ZOHOAutomation.xaml",
      "SortBy": 0,
      "VariablesSectionElementsOrder": [
        "strBrowserTitle&Sequence_1",
        "ZohoBrowser&Sequence_1"
      ],
      "ArgumentsSectionElementsOrder": [
        "ContactName",
        "Email",
        "Subject",
        "Successful"
      ],
      "ConstantsSectionElementsOrder": [],
      "AddedNamespaces": null
    },
    {
      "Path": "ReadExcelRequest.xaml",
      "SortBy": 0,
      "VariablesSectionElementsOrder": [
        "dtRequest&TryCatch_1"
      ],
      "ArgumentsSectionElementsOrder": [
        "RequestFilePath",
        "ContactName",
        "Email",
        "Subject"
      ],
      "ConstantsSectionElementsOrder": [],
      "AddedNamespaces": null
    },
    {
      "Path": "ProcessMail.xaml",
      "SortBy": 0,
      "VariablesSectionElementsOrder": [
        "mailMessage&Sequence_7",
        "mailBody&Sequence_7",
        "extractedName&Sequence_7",
        "extractedMail&Sequence_7",
        "extractedSubject&Sequence_7",
        "datatable&Sequence_7",
        "plainMail&Sequence_7",
        "mainMail&Sequence_14",
        "receivedMail&Sequence_14",
        "item&Sequence_11",
        "mailsReceived&Sequence_11"
      ],
      "ArgumentsSectionElementsOrder": [
        "SubjectVariable",
        "MailVariable",
        "NameVariable",
        "item"
      ],
      "ConstantsSectionElementsOrder": [],
      "AddedNamespaces": null
    },
    {
      "Path": "eg.xaml",
      "SortBy": 0,
      "VariablesSectionElementsOrder": [
        "ContactName&Sequence_12",
        "boolTickerCreated&Sequence_1",
        "boolFileExists&Sequence_1"
      ],
      "ArgumentsSectionElementsOrder": [],
      "ConstantsSectionElementsOrder": [],
      "AddedNamespaces": null
    }
  ]
}